{
  "user": [
    {
      "email": "user@gmail.com",
      "password": "User@1234",
      "type": "enduser"
    }
  ],
  "admin": [
    {
      "email": "admin@gmail.com",
      "password": "Admin@1234",
      "type": "admin"
    }
  ],
  "products": [
    {
      "name": "LG LED TV ",
      "price": "55000",
      "category": "Electronic",
      "color": "Black",
      "description": "This LG Smart TV comes equipped with a host of impressive features to delight your senses. While its Dynamic Color Enhancer produces vivid and lifelike colors on the screen, the LG WebOS feature lets you watch shows and movies from your favourite streaming services, such as Netflix and Disney+Hotstar. Also, the DTX Virtual:X technology delivers multi-dimensional sound to ensure an immersive listening experience.",
      "image": "https://rukminim1.flixcart.com/image/832/832/l0fm07k0/television/7/x/9/-original-imagc8fnpx39evgc.jpeg?q=70",
      "id": 1
    },
    {
      "name": " Floral Diwan Set",
      "price": "4220",
      "category": "Home Appliances",
      "color": "Baby Pink",
      "description": "LOPUNNY Presents A Beautiful Diwan Set which Gives You A Royal Touch And Feeling . This Diwan Set Is A Combo Of 1 Single Bed Sheet With 5 Cushion Covers And 2 Bolster Covers. When You Have So Many Cushion Around And Bolster Under Your Arms You Surely Goona Feel Like A Heaven . Made Of Super Soft PolyCotton Fabric To Give You Extreme Conform And Skin Friendly Properties. Diwan Set Includes : - 1 Diwan Sheets, - 5 Pieces Cushion Covers. 2 Pieces Bolster Covers. ",
      "image": "https://rukminim1.flixcart.com/image/832/832/xif0q/diwan-set/o/9/e/lop-pf-ds-116-pnk-dott-lopunny-original-imaghgzz5c4fcxfn.jpeg?q=70",
      "id": 2
    },
    {
      "name": "Desktop",
      "price": "9999",
      "category": "Electronic",
      "color": "Black",
      "description": "You can have a clear view while watching shows and movies, and playing games, thanks to the Acer ED240 Desktop Monitor. Its 1920x1080p Full HD resolution delivers life-like colours so that you can enjoy every scene and game as it was meant to be viewed. Also, this monitor’s AMD FreeSync technology eliminates jitters and screen tears, letting you view without interruptions. Furthermore, the 1500R curvature of its wide FHD display allows an immersive experience while enjoying your favourite games.",
      "image": "https://rukminim1.flixcart.com/image/832/832/xif0q/monitor/r/5/v/-original-imaggd38vfwc6h7v.jpeg?q=70",
      "id": 3
    },
    {
      "name": "Mobile Samsung",
      "price": "8999",
      "category": "Mobile",
      "color": "Sky Blue",
      "description": "8 GB RAM | 128 GB ROM | Expandable Upto 1 TB,16.76 cm (6.6 inch) HD+ Display,50MP + AI Lens | 5MP Front Camera, 5000 mAh Battery,G37 Processor.The Infinix HOT 30i has a large storage capacity of about 128 GB to store all your data. It has a RAM of up to 16 GB for fast processing. Its large 16.7 cm (6.6) display with 90 Hz refresh rate makes this smartphone easy to view and access. This smartphone has about 5000 Nits brightness making it easy to use even in broad daylight. You can capture captivating images with its 50 MP camera. The LED flash allows you to click attractive images at night. The 5000 mAh battery allows it to last long on a single charge.",
      "image": "https://rukminim1.flixcart.com/image/832/832/xif0q/mobile/w/v/b/-original-imagz3cuzzsyh8ud.jpeg?q=70",
      "id": 4
    },
    {
      "name": "Men T-Shirt",
      "price": "250",
      "category": "Fashion",
      "color": "Orange",
      "description": "A T-shirt (also spelled tee-shirt or tee shirt), or tee for short, is a style of fabric shirt named after the T shape of its body and sleeves. Traditionally, it has short sleeves and a round neckline, known as a crew neck, which lacks a collar.",
      "image": "https://rukminim1.flixcart.com/image/612/612/xif0q/t-shirt/s/9/f/l-bylrn-z31-blive-original-imaggcfx6mshgcsp.jpeg?q=70",
      "id": 5
    },
    {
      "name": " Teddy bear CReam - 40 cm  (Cream, Black)",
      "price": "699",
      "category": "Toys",
      "color": "Cream",
      "description": "Name : Beautiful Panda Bear Stuffed Toys (single) Material : Fabric Net Quantity (N) : 1 New Kids Sofa & Rocking Chair Baby Seat Cartoon Desigen Pack of 1 Sizes :  Free Size Country of Origin : India",
      "image": "https://rukminim1.flixcart.com/image/832/832/jqjszgw0/stuffed-toy/b/u/s/ad1218-rockstar-teddy-bear-cream-40-nagar-international-original-imafcgnzh78dwumu.jpeg?q=70",
      "id": 6
    },
    {
      "name": "LED TV",
      "price": "50000",
      "category": "Electronic",
      "color": "Black",
      "description": "LED TV is a type of LCD television that uses light-emitting diodes (LEDs) to backlight the display instead of the cold cathode fluorescent lights (CCFLs) used in standard LCD televisions",
      "image": "https://fakestoreapi.com/img/81Zt42ioCgL._AC_SX679_.jpg",
      "id": 7
    },
    {
      "name": "  LED Smart Android TV",
      "price": "11999",
      "category": "Electronic",
      "color": "Black",
      "description": "Delight your senses by watching your favourite content on this OnePlus TV. With its HD display and Gamma Engine, this TV produces vivid and high-quality visuals to ensure an enhanced viewing experience. It also has 20 W box speakers that deliver rich and clear audio.",
      "image": "https://rukminim1.flixcart.com/image/832/832/kqidx8w0/television/m/1/v/32ha0a00-oneplus-original-imag4gy8yezxdhen.jpeg?q=70",
      "id": 8
    },
    {
      "name": " Sofa",
      "price": "21998",
      "category": "Home Appliances",
      "color": "Green",
      "description": "The RX7 recliner’s indulgent levels of comfort make it hard to leave it. After all, it comes with a softly padded back and a plush seat cushion. With a smooth manual lever function, it reclines in 3 modes from an upright position to a lounging position to an indulgent 160-degree recline that’s perfect for power napping. It also features a rocking motion and 360- degree swivel for ultimate convenience. While the features are great, the construction is even better! It’s upholstered with polyester and fitted with sturdy pine wood and metal frame making it incredibly durable. The polyester fabric is easy to clean making it ideal for frequent use. With its beautiful range of colours, it can work to suit any décor making your living room and home look elegant.",
      "image": "https://rukminim1.flixcart.com/image/832/832/xif0q/recliner/1/f/q/81-2-1-seater-irish-green-88-9-polyester-rx7-sleepyhead-99-irish-original-imaggbn6hjrumeej.jpeg?q=70",
      "id": 9
    },
    {
      "name": " Realme C30",
      "price": "6749",
      "category": "Electronic",
      "color": "Black",
      "description": " Explore your inner self and be outspoken about it with the realme C30 smartphone which reflects your persona to the whole world with its intuitive nature. Powered by the Unisoc T612 processor, you can seamlessly multitask and get things done at your convenience. Furthermore, an 8 MP AI-driven rear camera and a 5 MP selfie camera allow you to capture stunning images with exceptional imagery. Moreover, this phone boasts 3 card slots which support a dual SIM setup with two slots and allow you to enjoy up to 1 TB of internal storage with the third slot.",
      "image": "https://rukminim1.flixcart.com/image/832/832/l4ln8nk0/mobile/f/6/a/-original-imagfggrbywzk8r6.jpeg?q=70",
      "id": 10
    },
    {
      "name": " brother DCP-T226 Multi-function Color Inkjet Printer ideal for Home Usage for Print, Scan & Copy  (White, Ink Tank)",
      "price": "1999",
      "category": "Electronic",
      "color": "White",
      "description": " You can print your important documents without any hassles with the brother DCP-T226 Printer. It speeds up your work with its document printing speeds of up to 28/11 ppm. In addition, this printer makes it easy to access the internal ink tank from the front, thanks to its refill tank system and transparent cover. Its functional design minimises the likelihood of mess and leakage. Moreover, this printer can print up to 7,500 pages in black and up to 5,000 coloured pages using a high-yield ink bottle, which lowers your cost per print.",
      "image": "https://rukminim1.flixcart.com/image/832/832/l44hyfk0/printer/f/o/u/dcp-t226-brother-original-imagf37kykjfsxvu.jpeg?q=70",
      "id": 11
    },
    {
      "name": "ZEBRONICS Zeb-PixaPlay 12 (3000 lm / 1 Speaker / Remote Controller) Projector  (Black)",
      "price": "20000",
      "category": "Electronic",
      "color": "Black",
      "description": " ZEB-PixaPlay 12 is an LED projector with a built-in speaker that supports Dolby Audio. It can project screen up to 508cm size and has 1080p resolution support. The projectors 3000 lumens brightness ensures that content look bright and stunning. It comes with multi-connectivity options like HDMI, VGA port, Dual USB, or connect AUX for a power-packed audio experience. The LED Projector is ceiling mountable and comes with a remote control.",
      "image": "https://rukminim1.flixcart.com/image/832/832/kx50gi80/projector/r/9/p/zeb-pixa-play-12-5-6-dobly-audio-led-projector-zebronics-original-imag9z3yujqmzqt4.jpeg?q=70",
      "id": 12
    },
    {
      "name": "SAMSUNG Galaxy F13 (Sunrise Copper, 64 GB)  (4 GB RAM)",
      "price": "10000",
      "category": "Mobile",
      "color": "black",
      "description": "Enjoy seamless connectivity and an uninterrupted movie marathon with the impressive Samsung Galaxy F13 that is designed specifically to impress the entertainment fanatics. This smartphone features a terrific 16.62 cm (6.6) FHD+ LCD Display that can effortlessly blow your mind with its incredible performance. Furthermore, this phone boasts a 50 MP Triple Camera setup that allows you to capture awesomeness with a gentle tap. Moreover, the Samsung Galaxy F13 sports up to 8 GB of RAM and features an innovative RAM plus technology that taps into the phone’s internal storage to elevate its performance.",
      "image": "https://rukminim1.flixcart.com/image/832/832/xif0q/mobile/x/x/s/-original-imagfhu6dcpdnqkh.jpeg?q=70",
      "id": 13
    }
  ]
}