{
  "user": [
    {
      "uname": "utsav",
      "password": "Utsav@123",
      "type": "admin",
      "id": 2
    },
    {
      "uname": "virat",
      "password": "Virat@123",
      "type": "admin",
      "id": 3
    },
    {
      "uname": "rohit",
      "password": "Rohit@123",
      "type": "admin",
      "id": 4
    },
    {
      "uname": "rahul",
      "password": "Rahul@123",
      "type": "admin",
      "id": 5
    },
    {
      "uname": "hardik",
      "password": "Hardik@123",
      "type": "enduser",
      "id": 6
    },
    {
      "uname": "ashwin",
      "password": "Ashwin@123",
      "type": "enduser",
      "id": 7
    }
  ],
  "products": [
    {
      "name": "APPLE 2020 Macbook Air M1 ",
      "price": 299999,
      "color": "grey",
      "description": "Stylish & Portable Thin and Light Laptop.13.3 inch Quad LED Backlit IPS Display (227 PPI, 400 nits Brightness, Wide Colour (P3), True Tone Technology).Light Laptop without Optical Disk Drive",
      "imgUrl": "../../assets/img/laptop_1.jpg",
      "category": "electronics",
      "id": 2,
      "brand": "APPLE",
      "warranty": "2 Yrs",
      "modelNumber": "MGN93HN/A",
      "type": "electronics"
    },
    {
      "name": "Reymond Jeans",
      "price": 2000,
      "color": "blue",
      "description": "This Pair Of Grey Jeans From Raymond Is A Must-Have In Your Wardrobe. Featuring Washed Effect, These Jeans Offer .",
      "imgUrl": "../../assets/img/cloths_jeans_2.jpg",
      "category": "cloths",
      "brand": "",
      "warranty": "",
      "modelNumber": "",
      "fit": "slim",
      "fabric": "cotton",
      "Sleeve": "full",
      "id": 3
    },
    {
      "name": "Men Slim Fit Printed Casual Shirt",
      "price": 999,
      "color": "Nevy blue",
      "description": "short-sleeved garment for the upper part of the body, usually lightweight and having a collar and a front opening. 2. an undergarment of cotton, or other material, for the upper part of the body.",
      "imgUrl": "../../assets/img/shirt_1.jpg",
      "category": "cloths",
      "id": 4,
      "type": "cloths",
      "fit": "slim",
      "fabric": "cotton",
      "Sleeve": "Full Sleaves",
      "brand": "Reymond"
    },
    {
      "name": "Men Slim Fit Printed Casual Shirt",
      "price": 1559,
      "color": "Nevy blue",
      "description": "short-sleeved garment for the upper part of the body, usually lightweight and having a collar and a front opening. 2. an undergarment of cotton, or other material, for the upper part of the body.",
      "imgUrl": "../../assets/img/shirt_2.jpg",
      "category": "cloths",
      "id": 5,
      "type": "cloths",
      "fit": "slim",
      "fabric": "cotton",
      "Sleeve": "Full Sleaves",
      "brand": "Reymond"
    },
    {
      "name": "APPLE iPhone 13",
      "price": 61999,
      "color": "grey",
      "description": "iPhone 13. boasts an advanced dual-camera system that allows you to click mesmerising pictures with immaculate clarity. Furthermore, the lightning-fast A15 Bionic chip allows for seamless multitasking, elevating your performance to a new dimension. A big leap in battery life, a durable design, and a bright Super Retina XDR display facilitate boosting your user experience.",
      "imgUrl": "../../assets/img/mobile_iphone.jpg",
      "category": "electronics",
      "id": 6,
      "brand": "APPLE",
      "warranty": "1 Yrs",
      "modelNumber": "MGN93HN/A",
      "type": "electronics"
    },
    {
      "name": "mobile iphone 14",
      "price": 10000,
      "color": "black",
      "description": "Best mobile in the world",
      "imgUrl": "../../assets/img/mobile_iphone.jpg",
      "category": "electronics",
      "brand": "Iphone ",
      "warranty": "2 yrs",
      "modelNumber": "A001",
      "fit": "",
      "fabric": "",
      "Sleeve": "",
      "id": 7
    },
    {
      "name": "Samasung galaxy y",
      "price": 50000,
      "color": "black",
      "description": "Decent mobile with 40 hours battry backup",
      "imgUrl": "../../assets/img/mobile_samsung.jpg",
      "category": "electronics",
      "brand": "Samsung",
      "warranty": "1 yrs",
      "modelNumber": "Galaxy Y",
      "fit": "",
      "fabric": "",
      "Sleeve": "",
      "id": 8
    },
    {
      "name": "Home Furniture",
      "price": 20000,
      "color": "brown",
      "description": "Home Furniture",
      "imgUrl": "../../assets/img/home_furniture.jpg",
      "category": "home",
      "brand": "",
      "warranty": "",
      "modelNumber": "",
      "fit": "",
      "fabric": "",
      "Sleeve": "",
      "id": 9
    }
  ],
  "offers": [
    "Bank Offer 10% off on Bank of Baroda Credit Card EMI Transactions, up to ₹2,000 on orders of ₹5,000 and aboveT&C",
    "Bank Offer 10% off on Citi Credit Card and EMI Transactions, up to ₹1500, on orders of ₹5,000 and aboveT&C",
    "Special PriceGet extra 4% off (price inclusive of cashback/coupon)T&C"
  ]
}